Timestamp,Frequency (MeV),Amplitude
2024-05-07 00:16:10.066724,-0.0005936179161071777,0.0
2024-05-07 00:16:10.066724,0.0017935092555708251,0.0
2024-05-07 00:16:10.066724,0.004181559605291113,0.0
2024-05-07 00:16:10.066724,0.006570533133053686,0.0
2024-05-07 00:16:10.066724,0.008960429838858544,0.0
2024-05-07 00:16:10.066724,0.011351249722705688,0.0
2024-05-07 00:16:10.066724,0.013742992784595117,0.0
2024-05-07 00:16:10.066724,0.016135659024526832,0.0
2024-05-07 00:16:10.066724,0.01852924844250083,0.0
2024-05-07 00:16:10.066724,0.020923761038517112,0.0
2024-05-07 00:16:10.066724,0.023319196812575684,2.889755815633579e-05
2024-05-07 00:16:10.066724,0.02571555576467654,0.0006646438375957232
2024-05-07 00:16:10.066724,0.02811283789481968,0.003178731397196937
2024-05-07 00:16:10.066724,0.0305110432030051,0.00713769686461494
2024-05-07 00:16:10.066724,0.03291017168923281,0.012281462216442711
2024-05-07 00:16:10.066724,0.035310223353502805,0.01427539372922988
2024-05-07 00:16:10.066724,0.03771119819581509,0.01852333477821124
2024-05-07 00:16:10.066724,0.04011309621616965,0.02175986129172085
2024-05-07 00:16:10.066724,0.0425159174145665,0.02482300245629244
2024-05-07 00:16:10.066724,0.044919661791005636,0.028464094783990753
2024-05-07 00:16:10.066724,0.04732432934548706,0.033029908972691806
2024-05-07 00:16:10.066724,0.04972992007801076,0.035659586764918365
2024-05-07 00:16:10.066724,0.05213643398857676,0.04054327409333911
2024-05-07 00:16:10.066724,0.05454387107718503,0.04528247363097818
2024-05-07 00:16:10.066724,0.05695223134383559,0.052940326542407164
2024-05-07 00:16:10.066724,0.05936151478852844,0.054182921543129606
2024-05-07 00:16:10.066724,0.06177172141126357,0.06345903771131339
2024-05-07 00:16:10.066724,0.06418285121204098,0.06724461782979338
2024-05-07 00:16:10.066724,0.06659490419086068,0.07189712469296344
2024-05-07 00:16:10.066724,0.06900788034772268,0.0769541973703222
2024-05-07 00:16:10.066724,0.07142177968262695,0.08149111400086692
2024-05-07 00:16:10.066724,0.0738366021955735,0.0854211819101286
2024-05-07 00:16:10.066724,0.07625234788656235,0.0874440109810721
2024-05-07 00:16:10.066724,0.07866901675559347,0.09073833261089438
2024-05-07 00:16:10.066724,0.08108660880266688,0.09209651784424217
2024-05-07 00:16:10.066724,0.08350512402778258,0.090275971680393
2024-05-07 00:16:10.066724,0.08592456243094057,0.09365698598468429
2024-05-07 00:16:10.066724,0.08834492401214084,0.09478399075278139
2024-05-07 00:16:10.066724,0.09076620877138339,0.09137407889033376
2024-05-07 00:16:10.066724,0.09318841670866823,0.08961132784279728
2024-05-07 00:16:10.066724,0.09561154782399535,0.0874440109810721
2024-05-07 00:16:10.066724,0.09803560211736476,0.08923565958676492
2024-05-07 00:16:10.066724,0.10046057958877645,0.09010258633145499
2024-05-07 00:16:10.066724,0.10288648023823044,0.08423638202571883
2024-05-07 00:16:10.066724,0.1053133040657267,0.08192457737321196
2024-05-07 00:16:10.066724,0.10774105107126525,0.08128883109377258
2024-05-07 00:16:10.066724,0.11016972125484609,0.07871694841785869
2024-05-07 00:16:10.066724,0.1125993146164692,0.07816789481288831
2024-05-07 00:16:10.066724,0.1150298311561346,0.07365987574049992
2024-05-07 00:16:10.066724,0.1174612708738423,0.07149255887877475
2024-05-07 00:16:10.066724,0.11989363376959226,0.070567837017772
2024-05-07 00:16:10.066724,0.12232691984338454,0.06785146655107643
2024-05-07 00:16:10.066724,0.12476112909521908,0.06698453980638636
2024-05-07 00:16:10.066724,0.12719626152509592,0.0635457303857824
2024-05-07 00:16:10.066724,0.129632317133015,0.061176130616962865
2024-05-07 00:16:10.066724,0.13206929591897643,0.05993353561624043
2024-05-07 00:16:10.066724,0.1345071978829801,0.05334489235659587
2024-05-07 00:16:10.066724,0.1369460230250261,0.053402687472908536
2024-05-07 00:16:10.066724,0.13938577134511435,0.055367721427539374
2024-05-07 00:16:10.066724,0.1418264428432449,0.05279583875162549
2024-05-07 00:16:10.066724,0.1442680375194177,0.04898136107498916
2024-05-07 00:16:10.066724,0.1467105553736328,0.04730530270192169
2024-05-07 00:16:10.066724,0.14915399640589022,0.046611761306169626
2024-05-07 00:16:10.066724,0.1515983606161899,0.04247941048981361
2024-05-07 00:16:10.066724,0.15404364800453185,0.042450512931657275
2024-05-07 00:16:10.066724,0.1564898585709161,0.04172807397774888
2024-05-07 00:16:10.066724,0.15893699231534264,0.040369888744401096
2024-05-07 00:16:10.066724,0.16138504923781147,0.03658430862592111
2024-05-07 00:16:10.066724,0.16383402933832258,0.036006357462794396
2024-05-07 00:16:10.066724,0.16628393261687596,0.035428406299667675
2024-05-07 00:16:10.066724,0.16873475907347166,0.03441699176419592
2024-05-07 00:16:10.066724,0.1711865087081096,0.03164282618118769
2024-05-07 00:16:10.066724,0.17363918152078986,0.030631411645715936
2024-05-07 00:16:10.066724,0.1760927775115124,0.028521889900303424
2024-05-07 00:16:10.066724,0.17854729668027722,0.028926455714492125
2024-05-07 00:16:10.066724,0.18100273902708433,0.027365987574049993
2024-05-07 00:16:10.066724,0.1834591045519337,0.025661031642826182
2024-05-07 00:16:10.066724,0.18591639325482537,0.027857246062707702
2024-05-07 00:16:10.066724,0.18837460513575935,0.02635457303857824
2024-05-07 00:16:10.066724,0.1908337401947356,0.024129461060540383
2024-05-07 00:16:10.066724,0.19329379843175412,0.02395607571160237
2024-05-07 00:16:10.066724,0.1957547798468149,0.022771275827192603
2024-05-07 00:16:10.066724,0.19821668443991802,0.02080624187256177
2024-05-07 00:16:10.066724,0.20067951221106342,0.020777344314405432
2024-05-07 00:16:10.066724,0.20314326316025108,0.019534749313682993
2024-05-07 00:16:10.066724,0.20560793728748103,0.01852333477821124
2024-05-07 00:16:10.066724,0.20807353459275327,0.019390261522901315
2024-05-07 00:16:10.066724,0.2105400550760678,0.019043490825025284
2024-05-07 00:16:10.066724,0.2130074987374246,0.018292154312960555
2024-05-07 00:16:10.066724,0.21547586557682372,0.01577806675335934
2024-05-07 00:16:10.066724,0.21794515559426508,0.015546886288108654
2024-05-07 00:16:10.066724,0.22041536878974877,0.015893656985984685
2024-05-07 00:16:10.066724,0.2228865051632747,0.014882242450512931
2024-05-07 00:16:10.066724,0.22535856471484295,0.016067042334922697
2024-05-07 00:16:10.066724,0.22783154744445347,0.013495159659008814
2024-05-07 00:16:10.066724,0.23030545335210628,0.015200115590232625
2024-05-07 00:16:10.066724,0.23278028243780136,0.014506574194480567
2024-05-07 00:16:10.066724,0.23525603470153875,0.0137263401242595
2024-05-07 00:16:10.066724,0.2377327101433184,0.013263979193758128
2024-05-07 00:16:10.066724,0.24021030876314034,0.011443433029908972
2024-05-07 00:16:10.066724,0.24268883056100457,0.01132784279728363
2024-05-07 00:16:10.066724,0.2451682755369111,0.01187689640225401
2024-05-07 00:16:10.066724,0.2476486436908599,0.011038867215720272
2024-05-07 00:16:10.066724,0.25012993502285097,0.009825169773154169
2024-05-07 00:16:10.066724,0.25261214953288436,0.010200838029186534
2024-05-07 00:16:10.066724,0.25509528722096003,0.010229735587342869
2024-05-07 00:16:10.066724,0.25757934808707794,0.009305013726340124
2024-05-07 00:16:10.066724,0.2600643321312382,0.008958243028464095
2024-05-07 00:16:10.066724,0.2625502393534407,0.007975726051148678
2024-05-07 00:16:10.066724,0.2650370697536855,0.008409189423493715
2024-05-07 00:16:10.066724,0.2675248233319726,0.008120213841930356
2024-05-07 00:16:10.066724,0.27001350008830194,0.008698165005057072
2024-05-07 00:16:10.066724,0.2725031000226736,0.007715648027741656
2024-05-07 00:16:10.066724,0.2749936231350876,0.0066175408178008955
2024-05-07 00:16:10.066724,0.2774850694255438,0.0068487212830515825
2024-05-07 00:16:10.066724,0.27997743889404225,0.007022106631989597
2024-05-07 00:16:10.066724,0.28247073154058305,0.006964311515676926
2024-05-07 00:16:10.066724,0.28496494736516614,0.006935413957520589
2024-05-07 00:16:10.066724,0.2874600863677915,0.007079901748302269
2024-05-07 00:16:10.066724,0.2899561485484592,0.005692818956798151
2024-05-07 00:16:10.066724,0.2924531339071691,0.006068487212830516
2024-05-07 00:16:10.066724,0.29495104244392134,0.005721716514954486
2024-05-07 00:16:10.066724,0.2974498741587158,0.005692818956798151
2024-05-07 00:16:10.066724,0.29994962905155265,0.005606126282329143
2024-05-07 00:16:10.066724,0.3024503071224317,0.005259355584453114
2024-05-07 00:16:10.066724,0.30495190837135305,0.005028175119202428
2024-05-07 00:16:10.066724,0.3074544327983167,0.005692818956798151
2024-05-07 00:16:10.066724,0.3099578804033226,0.004999277561046091
2024-05-07 00:16:10.066724,0.31246225118637083,0.005519433607860136
2024-05-07 00:16:10.066724,0.31496754514746134,0.004508019072388383
2024-05-07 00:16:10.066724,0.31747376228659413,0.0043635312816067045
2024-05-07 00:16:10.066724,0.3199809026037692,0.00419014593266869
2024-05-07 00:16:10.066724,0.3224889660989866,0.003872272792948996
2024-05-07 00:16:10.066724,0.3249979527722462,0.004652506863170062
2024-05-07 00:16:10.066724,0.32750786262354814,0.004219043490825025
2024-05-07 00:16:10.066724,0.3300186956528923,0.004103453258199682
2024-05-07 00:16:10.066724,0.33253045186027885,0.0040456581418870105
2024-05-07 00:16:10.066724,0.3350431312457076,0.0036988874440109813
2024-05-07 00:16:10.066724,0.3375567338091787,0.00384337523479266
2024-05-07 00:16:10.066724,0.34007125955069206,0.0030920387227279297
2024-05-07 00:16:10.066724,0.3425867084702477,0.00419014593266869
2024-05-07 00:16:10.066724,0.3451030805678456,0.00329432162982228
2024-05-07 00:16:10.066724,0.3476203758434858,0.0036121947695419735
2024-05-07 00:16:10.066724,0.3501385942971683,0.0033810143042912874
2024-05-07 00:16:10.066724,0.3526577359288931,0.0032365265135096085
2024-05-07 00:16:10.066724,0.3551778007386602,0.0031209362808842654
2024-05-07 00:16:10.066724,0.3576987887264695,0.0028030631411645715
2024-05-07 00:16:10.066724,0.36022069989232114,0.002860858257477243
2024-05-07 00:16:10.066724,0.3627435342362151,0.0032365265135096085
2024-05-07 00:16:10.066724,0.36526729175815126,0.0023407022106631988
2024-05-07 00:16:10.066724,0.3677919724581297,0.003149833839040601
2024-05-07 00:16:10.066724,0.37031757633615053,0.0023407022106631988
2024-05-07 00:16:10.066724,0.3728441033922136,0.0028319606993209073
2024-05-07 00:16:10.066724,0.3753715536263189,0.002600780234070221
2024-05-07 00:16:10.066724,0.37789992703846653,0.0023984973269758707
2024-05-07 00:16:10.066724,0.3804292236286565,0.00219621441988152
2024-05-07 00:16:10.066724,0.3829594433968887,0.0020228290709435053
2024-05-07 00:16:10.066724,0.38549058634316313,0.00219621441988152
2024-05-07 00:16:10.066724,0.3880226524674799,0.002369599768819535
2024-05-07 00:16:10.066724,0.390555641769839,0.0023984973269758707
2024-05-07 00:16:10.066724,0.39308955425024034,0.0021095217454125126
2024-05-07 00:16:10.066724,0.3956243899086839,0.0019939315127871695
2024-05-07 00:16:10.066724,0.39816014874516986,0.0024273948851322065
2024-05-07 00:16:10.066724,0.4006968307596981,0.002167316861725184
2024-05-07 00:16:10.066724,0.40323443595226854,0.0022251119780378557
2024-05-07 00:16:10.066724,0.4057729643228813,0.00164716081491114
2024-05-07 00:16:10.066724,0.4083124158715364,0.0019939315127871695
2024-05-07 00:16:10.066724,0.4108527905982337,0.0021384193035688484
2024-05-07 00:16:10.066724,0.4133940885029733,0.0021384193035688484
2024-05-07 00:16:10.066724,0.4159363095857552,0.0017049559312238116
2024-05-07 00:16:10.066724,0.4184794538465794,0.0017049559312238116
2024-05-07 00:16:10.066724,0.4210235212854459,0.001502673024129461
2024-05-07 00:16:10.066724,0.42356851190235467,0.0017049559312238116
2024-05-07 00:16:10.066724,0.42611442569730573,0.0017916486056928189
2024-05-07 00:16:10.066724,0.428661262670299,0.0016760583730674758
2024-05-07 00:16:10.066724,0.43120902282133466,0.002051726629099841
2024-05-07 00:16:10.066724,0.43375770615041254,0.002051726629099841
2024-05-07 00:16:10.066724,0.43630731265753275,0.0017049559312238116
2024-05-07 00:16:10.066724,0.4388578423426952,0.0012714925588787748
2024-05-07 00:16:10.066724,0.4414092952059,0.0016760583730674758
2024-05-07 00:16:10.066724,0.443961671247147,0.0012714925588787748
2024-05-07 00:16:10.066724,0.44651497046643635,0.0014159803496604536
2024-05-07 00:16:10.066724,0.44906919286376795,0.0015604681404421327
2024-05-07 00:16:10.066724,0.45162433843914185,0.0015893656985984685
2024-05-07 00:16:10.066724,0.45418040719255803,0.0015893656985984685
2024-05-07 00:16:10.066724,0.4567373991240165,0.0011559023262534315
2024-05-07 00:16:10.066724,0.45929531423351727,0.0011559023262534315
2024-05-07 00:16:10.066724,0.4618541525210603,0.001358185233347782
2024-05-07 00:16:10.066724,0.46441391398664567,0.001502673024129461
2024-05-07 00:16:10.066724,0.46697459863027324,0.001358185233347782
2024-05-07 00:16:10.066724,0.46953620645194316,0.0015604681404421327
2024-05-07 00:16:10.066724,0.4720987374516553,0.0014448779078167894
2024-05-07 00:16:10.066724,0.4746621916294098,0.0014448779078167894
2024-05-07 00:16:10.066724,0.47722656898520655,0.0011559023262534315
2024-05-07 00:16:10.066724,0.47979186951904557,0.00109810720994076
2024-05-07 00:16:10.066724,0.4823580932309269,0.0012714925588787748
2024-05-07 00:16:10.066724,0.4849252401208505,0.0010403120936280884
2024-05-07 00:16:10.066724,0.4874933101888164,0.0012136974425661032
2024-05-07 00:16:10.066724,0.4900623034348246,0.0014159803496604536
2024-05-07 00:16:10.066724,0.492632219858875,0.0012714925588787748
2024-05-07 00:16:10.066724,0.49520305946096776,0.0013003901170351106
2024-05-07 00:16:10.066724,0.4977748222411028,0.0013003901170351106
2024-05-07 00:16:10.066724,0.5003475081992801,0.001502673024129461
2024-05-07 00:16:10.066724,0.5029211173354997,0.0014448779078167894
2024-05-07 00:16:10.066724,0.5054956496497616,0.0011559023262534315
2024-05-07 00:16:10.066724,0.5080711051420658,0.0011847998844097675
2024-05-07 00:16:10.066724,0.5106474838124122,0.0010403120936280884
2024-05-07 00:16:10.066724,0.513224785660801,0.0013292876751914463
2024-05-07 00:16:10.066724,0.515803010687232,0.0009536194191590811
2024-05-07 00:16:10.066724,0.5183821588917054,0.0011559023262534315
2024-05-07 00:16:10.066724,0.520962230274221,0.0009247218610027453
2024-05-07 00:16:10.066724,0.5235432248347788,0.0007224389539083947
2024-05-07 00:16:10.066724,0.526125142573379,0.0013003901170351106
2024-05-07 00:16:10.066724,0.5287079834900215,0.0009247218610027453
2024-05-07 00:16:10.066724,0.5312917475847062,0.0008669267446900737
2024-05-07 00:16:10.066724,0.5338764348574332,0.001358185233347782
2024-05-07 00:16:10.066724,0.5364620453082025,0.0011559023262534315
2024-05-07 00:16:10.066724,0.5390485789370141,0.0008380291865337379
2024-05-07 00:16:10.066724,0.541636035743868,0.0016182632567548043
2024-05-07 00:16:10.066724,0.5442244157287641,0.0010403120936280884
2024-05-07 00:16:10.066724,0.5468137188917026,0.0010403120936280884
2024-05-07 00:16:10.066724,0.5494039452326833,0.0009825169773154169
2024-05-07 00:16:10.066724,0.5519950947517064,0.0009247218610027453
2024-05-07 00:16:10.066724,0.5545871674487717,0.0008958243028464094
2024-05-07 00:16:10.066724,0.5571801633238792,0.0013292876751914463
2024-05-07 00:16:10.066724,0.5597740823770291,0.0014737754659731252
2024-05-07 00:16:10.066724,0.5623689246082213,0.0007802340702210664
2024-05-07 00:16:10.066724,0.5649646900174558,0.0009825169773154169
2024-05-07 00:16:10.066724,0.5675613786047324,0.0009247218610027453
2024-05-07 00:16:10.066724,0.5701589903700515,0.0013292876751914463
2024-05-07 00:16:10.066724,0.5727575253134127,0.0010692096517844242
2024-05-07 00:16:10.066724,0.5753569834348163,0.0009247218610027453
2024-05-07 00:16:10.066724,0.5779573647342622,0.0009247218610027453
2024-05-07 00:16:10.066724,0.5805586692117504,0.00109810720994076
2024-05-07 00:16:10.066724,0.5831608968672808,0.001242595000722439
2024-05-07 00:16:10.066724,0.5857640477008536,0.0012136974425661032
2024-05-07 00:16:10.066724,0.5883681217124686,0.0008380291865337379
2024-05-07 00:16:10.066724,0.5909731189021259,0.0008958243028464094
2024-05-07 00:16:10.066724,0.5935790392698255,0.0005779511631267157
2024-05-07 00:16:10.066724,0.5961858828155673,0.0008669267446900737
2024-05-07 00:16:10.066724,0.5987936495393514,0.0006646438375957232
2024-05-07 00:16:10.066724,0.6014023394411779,0.0010114145354717526
2024-05-07 00:16:10.066724,0.6040119525210467,0.0006935413957520589
2024-05-07 00:16:10.066724,0.6066224887789576,0.0008958243028464094
2024-05-07 00:16:10.066724,0.609233948214911,0.0007513365120647305
2024-05-07 00:16:10.066724,0.6118463308289065,0.0009247218610027453
2024-05-07 00:16:10.066724,0.6144596366209444,0.0008380291865337379
2024-05-07 00:16:10.066724,0.6170738655910245,0.00109810720994076
2024-05-07 00:16:10.066724,0.619689017739147,0.0007802340702210664
2024-05-07 00:16:10.066724,0.6223050930653117,0.0006646438375957232
2024-05-07 00:16:10.066724,0.6249220915695187,0.0008091316283774021
2024-05-07 00:16:10.066724,0.627540013251768,0.0007802340702210664
2024-05-07 00:16:10.066724,0.6301588581120595,0.0009825169773154169
2024-05-07 00:16:10.066724,0.6327786261503934,0.0009536194191590811
2024-05-07 00:16:10.066724,0.6353993173667696,0.0007802340702210664
2024-05-07 00:16:10.066724,0.638020931761188,0.00054905360497038
2024-05-07 00:16:10.066724,0.6406434693336487,0.0006935413957520589
2024-05-07 00:16:10.066724,0.6432669300841517,0.0007513365120647305
2024-05-07 00:16:10.066724,0.645891314012697,0.0006068487212830516
2024-05-07 00:16:10.066724,0.6485166211192845,0.00040456581418870106
2024-05-07 00:16:10.066724,0.6511428514039144,0.0006646438375957232
2024-05-07 00:16:10.066724,0.6537700048665865,0.0009247218610027453
2024-05-07 00:16:10.066724,0.656398081507301,0.0004912584886577084
2024-05-07 00:16:10.066724,0.6590270813260577,0.0004912584886577084
2024-05-07 00:16:10.066724,0.6616570043228567,0.0005779511631267157
2024-05-07 00:16:10.066724,0.6642878504976979,0.0005779511631267157
2024-05-07 00:16:10.066724,0.6669196198505815,0.0005779511631267157
2024-05-07 00:16:10.066724,0.6695523123815074,0.0006357462794393874
2024-05-07 00:16:10.066724,0.6721859280904755,0.00054905360497038
2024-05-07 00:16:10.066724,0.6748204669774859,0.0006646438375957232
2024-05-07 00:16:10.066724,0.6774559290425386,0.00054905360497038
2024-05-07 00:16:10.066724,0.6800923142856337,0.00040456581418870106
2024-05-07 00:16:10.066724,0.6827296227067708,0.0006935413957520589
2024-05-07 00:16:10.066724,0.6853678543059505,0.0006646438375957232
2024-05-07 00:16:10.066724,0.6880070090831724,0.00054905360497038
2024-05-07 00:16:10.066724,0.6906470870384365,0.00034677069787602947
2024-05-07 00:16:10.066724,0.6932880881717428,0.00043346337234503684
2024-05-07 00:16:10.066724,0.6959300124830916,0.00014448779078167894
2024-05-07 00:16:10.066724,0.6985728599724825,0.0006357462794393874
2024-05-07 00:16:10.066724,0.7012166306399158,0.0006935413957520589
2024-05-07 00:16:10.066724,0.7038613244853914,0.00054905360497038
2024-05-07 00:16:10.066724,0.7065069415089092,0.0006935413957520589
2024-05-07 00:16:10.066724,0.7091534817104693,0.0006357462794393874
2024-05-07 00:16:10.066724,0.7118009450900717,0.0005779511631267157
2024-05-07 00:16:10.066724,0.7144493316477165,0.00043346337234503684
2024-05-07 00:16:10.066724,0.7170986413834034,0.00046236093050137266
2024-05-07 00:16:10.066724,0.7197488742971327,0.0004912584886577084
2024-05-07 00:16:10.066724,0.7224000303889043,0.0003178731397196937
2024-05-07 00:16:10.066724,0.7250521096587181,0.0005201560468140442
2024-05-07 00:16:10.066724,0.7277051121065742,0.0005201560468140442
2024-05-07 00:16:10.066724,0.7303590377324727,0.00040456581418870106
2024-05-07 00:16:10.066724,0.7330138865364133,0.0006646438375957232
2024-05-07 00:16:10.066724,0.7356696585183963,0.00043346337234503684
2024-05-07 00:16:10.066724,0.7383263536784216,0.0002600780234070221
2024-05-07 00:16:10.066724,0.7409839720164891,0.00046236093050137266
2024-05-07 00:16:10.066724,0.7436425135325989,0.0005779511631267157
2024-05-07 00:16:10.066724,0.746301978226751,0.0004912584886577084
2024-05-07 00:16:10.066724,0.7489623660989455,0.00046236093050137266
2024-05-07 00:16:10.066724,0.7516236771491822,0.0006357462794393874
2024-05-07 00:16:10.066724,0.7542859113774611,0.0006068487212830516
2024-05-07 00:16:10.066724,0.7569490687837824,0.0005201560468140442
2024-05-07 00:16:10.066724,0.759613149368146,0.00034677069787602947
2024-05-07 00:16:10.066724,0.7622781531305518,0.0004912584886577084
2024-05-07 00:16:10.066724,0.7649440800709999,0.00046236093050137266
2024-05-07 00:16:10.066724,0.7676109301894903,0.0004912584886577084
2024-05-07 00:16:10.066724,0.770278703486023,0.00020228290709435053
2024-05-07 00:16:10.066724,0.772947399960598,0.00028897558156335787
2024-05-07 00:16:10.066724,0.7756170196132153,0.00046236093050137266
2024-05-07 00:16:10.066724,0.7782875624438748,0.00028897558156335787
2024-05-07 00:16:10.066724,0.7809590284525766,0.0007224389539083947
2024-05-07 00:16:10.066724,0.7836314176393208,0.00040456581418870106
2024-05-07 00:16:10.066724,0.7863047300041072,0.0005779511631267157
2024-05-07 00:16:10.066724,0.7889789655469358,0.0006068487212830516
2024-05-07 00:16:10.066724,0.7916541242678068,0.00034677069787602947
2024-05-07 00:16:10.066724,0.79433020616672,0.00046236093050137266
2024-05-07 00:16:10.066724,0.7970072112436756,0.0003178731397196937
2024-05-07 00:16:10.066724,0.7996851394986734,0.0006935413957520589
2024-05-07 00:16:10.066724,0.8023639909317135,0.00054905360497038
2024-05-07 00:16:10.066724,0.8050437655427959,0.0003178731397196937
2024-05-07 00:16:10.066724,0.8077244633319206,0.0006646438375957232
2024-05-07 00:16:10.066724,0.8104060842990876,0.00040456581418870106
2024-05-07 00:16:10.066724,0.8130886284442967,0.00040456581418870106
2024-05-07 00:16:10.066724,0.8157720957675483,0.00028897558156335787
2024-05-07 00:16:10.066724,0.8184564862688422,0.0005779511631267157
2024-05-07 00:16:10.066724,0.8211417999481783,0.0004912584886577084
2024-05-07 00:16:10.066724,0.8238280368055566,0.00040456581418870106
2024-05-07 00:16:10.066724,0.8265151968409773,0.00040456581418870106
2024-05-07 00:16:10.066724,0.8292032800544402,0.00054905360497038
2024-05-07 00:16:10.066724,0.8318922864459455,0.00028897558156335787
2024-05-07 00:16:10.066724,0.834582216015493,0.00040456581418870106
2024-05-07 00:16:10.066724,0.8372730687630828,0.0003178731397196937
2024-05-07 00:16:10.066724,0.8399648446887149,0.0004912584886577084
2024-05-07 00:16:10.066724,0.8426575437923893,0.00043346337234503684
2024-05-07 00:16:10.066724,0.845351166074106,0.00028897558156335787
2024-05-07 00:16:10.066724,0.848045711533865,0.00046236093050137266
2024-05-07 00:16:10.066724,0.8507411801716662,0.0004912584886577084
2024-05-07 00:16:10.066724,0.8534375719875097,0.00046236093050137266
2024-05-07 00:16:10.066724,0.8561348869813955,0.0003178731397196937
2024-05-07 00:16:10.066724,0.8588331251533237,0.0005201560468140442
2024-05-07 00:16:10.066724,0.861532286503294,0.00037566825603236524
2024-05-07 00:16:10.066724,0.8642323710313067,0.00014448779078167894
2024-05-07 00:16:10.066724,0.8669333787373616,0.00046236093050137266
2024-05-07 00:16:10.066724,0.8696353096214589,0.00034677069787602947
2024-05-07 00:16:10.066724,0.8723381636835984,0.00046236093050137266
2024-05-07 00:16:10.066724,0.8750419409237802,0.00020228290709435053
2024-05-07 00:16:10.066724,0.8777466413420043,0.00040456581418870106
2024-05-07 00:16:10.066724,0.8804522649382707,0.00028897558156335787
2024-05-07 00:16:10.066724,0.8831588117125794,0.0005201560468140442
2024-05-07 00:16:10.066724,0.8858662816649303,0.0002600780234070221
2024-05-07 00:16:10.066724,0.8885746747953235,0.0004912584886577084
2024-05-07 00:16:10.066724,0.891283991103759,0.00028897558156335787
2024-05-07 00:16:10.066724,0.8939942305902369,0.00034677069787602947
2024-05-07 00:16:10.066724,0.896705393254757,0.00040456581418870106
2024-05-07 00:16:10.066724,0.8994174790973193,0.0006068487212830516
2024-05-07 00:16:10.066724,0.902130488117924,0.00034677069787602947
2024-05-07 00:16:10.066724,0.9048444203165709,0.00017338534893801473
2024-05-07 00:16:10.066724,0.9075592756932601,0.0004912584886577084
2024-05-07 00:16:10.066724,0.9102750542479916,0.0003178731397196937
2024-05-07 00:16:10.066724,0.9129917559807654,0.00054905360497038
2024-05-07 00:16:10.066724,0.9157093808915815,0.0003178731397196937
2024-05-07 00:16:10.066724,0.9184279289804399,0.00037566825603236524
2024-05-07 00:16:10.066724,0.9211474002473405,0.00034677069787602947
2024-05-07 00:16:10.066724,0.9238677946922835,0.0005201560468140442
2024-05-07 00:16:10.066724,0.9265891123152687,0.00034677069787602947
2024-05-07 00:16:10.066724,0.9293113531162962,0.00040456581418870106
2024-05-07 00:16:10.066724,0.932034517095366,0.00020228290709435053
2024-05-07 00:16:10.066724,0.9347586042524781,0.00043346337234503684
2024-05-07 00:16:10.066724,0.9374836145876325,0.00034677069787602947
2024-05-07 00:16:10.066724,0.9402095481008291,0.00043346337234503684
2024-05-07 00:16:10.066724,0.9429364047920681,0.00020228290709435053
2024-05-07 00:16:10.066724,0.9456641846613493,0.0003178731397196937
2024-05-07 00:16:10.066724,0.9483928877086728,0.00023118046525068633
2024-05-07 00:16:10.066724,0.9511225139340386,0.00034677069787602947
2024-05-07 00:16:10.066724,0.9538530633374467,0.00034677069787602947
2024-05-07 00:16:10.066724,0.956584535918897,0.00046236093050137266
2024-05-07 00:16:10.066724,0.9593169316783897,0.00046236093050137266
2024-05-07 00:16:10.066724,0.9620502506159246,0.0004912584886577084
2024-05-07 00:16:10.066724,0.9647844927315018,0.00037566825603236524
2024-05-07 00:16:10.066724,0.9675196580251213,0.00037566825603236524
2024-05-07 00:16:10.066724,0.9702557464967831,0.00017338534893801473
2024-05-07 00:16:10.066724,0.9729927581464872,0.00028897558156335787
2024-05-07 00:16:10.066724,0.9757306929742335,0.0003178731397196937
2024-05-07 00:16:10.066724,0.9784695509800222,0.0002600780234070221
2024-05-07 00:16:10.066724,0.9812093321638531,0.0002600780234070221
2024-05-07 00:16:10.066724,0.9839500365257263,0.00043346337234503684
2024-05-07 00:16:10.066724,0.9866916640656418,0.00037566825603236524
2024-05-07 00:16:10.066724,0.9894342147835996,0.00028897558156335787
2024-05-07 00:16:10.066724,0.9921776886795997,0.00028897558156335787
2024-05-07 00:16:10.066724,0.994922085753642,0.00028897558156335787
2024-05-07 00:16:10.066724,0.9976674060057267,0.00040456581418870106
2024-05-07 00:16:10.066724,1.0004136494358535,0.00034677069787602947
2024-05-07 00:16:10.066724,1.0031608160440229,0.00023118046525068633
2024-05-07 00:16:10.066724,1.0059089058302342,0.00014448779078167894
2024-05-07 00:16:10.066724,1.008657918794488,0.0005201560468140442
2024-05-07 00:16:10.066724,1.0114078549367842,0.0002600780234070221
2024-05-07 00:16:10.066724,1.0141587142571225,0.00034677069787602947
2024-05-07 00:16:10.066724,1.0169104967555032,0.00037566825603236524
2024-05-07 00:16:10.066724,1.019663202431926,0.00034677069787602947
2024-05-07 00:16:10.066724,1.0224168312863913,0.00014448779078167894
2024-05-07 00:16:10.066724,1.0251713833188987,0.0003178731397196937
2024-05-07 00:16:10.066724,1.0279268585294485,0.00034677069787602947
2024-05-07 00:16:10.066724,1.0306832569180406,0.00034677069787602947
2024-05-07 00:16:10.066724,1.033440578484675,0.00037566825603236524
2024-05-07 00:16:10.066724,1.0361988232293515,0.00037566825603236524
2024-05-07 00:16:10.066724,1.0389579911520705,0.00017338534893801473
2024-05-07 00:16:10.066724,1.0417180822528316,0.00020228290709435053
2024-05-07 00:16:10.066724,1.044479096531635,0.0003178731397196937
2024-05-07 00:16:10.066724,1.047241033988481,0.0002600780234070221
2024-05-07 00:16:10.066724,1.050003894623369,0.00037566825603236524
2024-05-07 00:16:10.066724,1.0527676784362994,8.669267446900737e-05
2024-05-07 00:16:10.066724,1.055532385427272,0.0002600780234070221
2024-05-07 00:16:10.066724,1.058298015596287,0.0002600780234070221
2024-05-07 00:16:10.066724,1.061064568943344,0.00017338534893801473
2024-05-07 00:16:10.066724,1.0638320454684436,0.00023118046525068633
2024-05-07 00:16:10.066724,1.0666004451715854,0.0003178731397196937
2024-05-07 00:16:10.066724,1.0693697680527694,0.00020228290709435053
2024-05-07 00:16:10.066724,1.0721400141119957,0.00034677069787602947
2024-05-07 00:16:10.066724,1.0749111833492644,0.00028897558156335787
2024-05-07 00:16:10.066724,1.0776832757645751,0.00023118046525068633
2024-05-07 00:16:10.066724,1.0804562913579283,0.0002600780234070221
2024-05-07 00:16:10.066724,1.083230230129324,0.00023118046525068633
2024-05-07 00:16:10.066724,1.0860050920787616,0.00023118046525068633
2024-05-07 00:16:10.066724,1.0887808772062417,0.00043346337234503684
2024-05-07 00:16:10.066724,1.091557585511764,0.00028897558156335787
2024-05-07 00:16:10.066724,1.0943352169953287,0.0004912584886577084
2024-05-07 00:16:10.066724,1.0971137716569355,0.00011559023262534317
2024-05-07 00:16:10.066724,1.0998932494965847,0.00028897558156335787
2024-05-07 00:16:10.066724,1.1026736505142762,0.0003178731397196937
2024-05-07 00:16:10.066724,1.10545497471001,0.00020228290709435053
2024-05-07 00:16:10.066724,1.108237222083786,0.00011559023262534317
2024-05-07 00:16:10.066724,1.1110203926356044,0.00017338534893801473
2024-05-07 00:16:10.066724,1.113804486365465,0.00023118046525068633
2024-05-07 00:16:10.066724,1.116589503273368,0.00017338534893801473
2024-05-07 00:16:10.066724,1.119375443359313,0.00034677069787602947
2024-05-07 00:16:10.066724,1.1221623066233006,0.0003178731397196937
2024-05-07 00:16:10.066724,1.1249500930653302,0.0002600780234070221
2024-05-07 00:16:10.066724,1.1277388026854023,0.00028897558156335787
2024-05-07 00:16:10.066724,1.1305284354835166,0.00034677069787602947
2024-05-07 00:16:10.066724,1.1333189914596733,0.00020228290709435053
2024-05-07 00:16:10.066724,1.1361104706138723,0.00014448779078167894
2024-05-07 00:16:10.066724,1.1389028729461133,0.0002600780234070221
2024-05-07 00:16:10.066724,1.141696198456397,0.00017338534893801473
2024-05-07 00:16:10.066724,1.1444904471447226,0.00023118046525068633
2024-05-07 00:16:10.066724,1.1472856190110905,0.00023118046525068633
2024-05-07 00:16:10.066724,1.1500817140555009,0.00020228290709435053
2024-05-07 00:16:10.066724,1.1528787322779535,0.00028897558156335787
2024-05-07 00:16:10.066724,1.1556766736784485,0.00023118046525068633
2024-05-07 00:16:10.066724,1.1584755382569856,0.00011559023262534317
2024-05-07 00:16:10.066724,1.161275326013565,0.00020228290709435053
2024-05-07 00:16:10.066724,1.1640760369481868,0.00028897558156335787
2024-05-07 00:16:10.066724,1.1668776710608508,0.00011559023262534317
2024-05-07 00:16:10.066724,1.1696802283515573,0.00028897558156335787
2024-05-07 00:16:10.066724,1.1724837088203057,0.00020228290709435053
2024-05-07 00:16:10.066724,1.1752881124670966,5.779511631267158e-05
2024-05-07 00:16:10.066724,1.1780934392919298,0.00017338534893801473
2024-05-07 00:16:10.066724,1.1808996892948054,5.779511631267158e-05
2024-05-07 00:16:10.066724,1.183706862475723,5.779511631267158e-05
2024-05-07 00:16:10.066724,1.186514958834683,0.00023118046525068633
2024-05-07 00:16:10.066724,1.1893239783716854,0.00020228290709435053
2024-05-07 00:16:10.066724,1.1921339210867299,0.00023118046525068633
2024-05-07 00:16:10.066724,1.1949447869798169,0.00023118046525068633
2024-05-07 00:16:10.066724,1.197756576050946,0.00011559023262534317
2024-05-07 00:16:10.066724,1.2005692883001176,8.669267446900737e-05
2024-05-07 00:16:10.066724,1.2033829237273312,0.00011559023262534317
2024-05-07 00:16:10.066724,1.2061974823325872,0.00023118046525068633
2024-05-07 00:16:10.066724,1.2090129641158855,0.00020228290709435053
2024-05-07 00:16:10.066724,1.2118293690772262,0.00020228290709435053
2024-05-07 00:16:10.066724,1.214646697216609,0.00014448779078167894
2024-05-07 00:16:10.066724,1.217464948534034,0.00020228290709435053
2024-05-07 00:16:10.066724,1.2202841230295016,8.669267446900737e-05
2024-05-07 00:16:10.066724,1.2231042207030114,0.00017338534893801473
2024-05-07 00:16:10.066724,1.2259252415545634,0.0002600780234070221
2024-05-07 00:16:10.066724,1.2287471855841576,8.669267446900737e-05
2024-05-07 00:16:10.066724,1.2315700527917943,0.00017338534893801473
2024-05-07 00:16:10.066724,1.2343938431774732,2.889755815633579e-05
2024-05-07 00:16:10.066724,1.2372185567411944,0.00020228290709435053
2024-05-07 00:16:10.066724,1.2400441934829578,0.00014448779078167894
2024-05-07 00:16:10.066724,1.2428707534027634,0.00011559023262534317
2024-05-07 00:16:10.066724,1.2456982365006115,0.00017338534893801473
2024-05-07 00:16:10.066724,1.2485266427765018,0.00014448779078167894
2024-05-07 00:16:10.066724,1.2513559722304344,0.00011559023262534317
2024-05-07 00:16:10.066724,1.2541862248624094,0.00028897558156335787
2024-05-07 00:16:10.066724,1.2570174006724264,0.0002600780234070221
2024-05-07 00:16:10.066724,1.2598494996604859,0.00014448779078167894
2024-05-07 00:16:10.066724,1.2626825218265876,0.00011559023262534317
2024-05-07 00:16:10.066724,1.2655164671707317,0.00011559023262534317
2024-05-07 00:16:10.066724,1.268351335692918,0.00014448779078167894
2024-05-07 00:16:10.066724,1.2711871273931465,0.00011559023262534317
2024-05-07 00:16:10.066724,1.2740238422714174,8.669267446900737e-05
2024-05-07 00:16:10.066724,1.2768614803277305,5.779511631267158e-05
2024-05-07 00:16:10.066724,1.279700041562086,0.00023118046525068633
2024-05-07 00:16:10.066724,1.2825395259744836,0.0
2024-05-07 00:16:10.066724,1.2853799335649236,0.0003178731397196937
2024-05-07 00:16:10.066724,1.288221264333406,0.00011559023262534317
2024-05-07 00:16:10.066724,1.2910635182799306,0.00020228290709435053
2024-05-07 00:16:10.066724,1.2939066954044975,0.00014448779078167894
2024-05-07 00:16:10.066724,1.2967507957071065,0.00011559023262534317
2024-05-07 00:16:10.066724,1.2995958191877581,8.669267446900737e-05
2024-05-07 00:16:10.066724,1.3024417658464518,0.00011559023262534317
2024-05-07 00:16:10.066724,1.3052886356831876,0.00014448779078167894
2024-05-07 00:16:10.066724,1.308136428697966,0.00014448779078167894
2024-05-07 00:16:10.066724,1.3109851448907865,0.00014448779078167894
2024-05-07 00:16:10.066724,1.3138347842616496,0.00023118046525068633
2024-05-07 00:16:10.066724,1.3166853468105546,8.669267446900737e-05
2024-05-07 00:16:10.066724,1.319536832537502,0.00020228290709435053
2024-05-07 00:16:10.066724,1.3223892414424918,0.00020228290709435053
2024-05-07 00:16:10.066724,1.3252425735255238,0.00017338534893801473
2024-05-07 00:16:10.066724,1.328096828786598,0.00017338534893801473
2024-05-07 00:16:10.066724,1.3309520072257146,5.779511631267158e-05
2024-05-07 00:16:10.066724,1.3338081088428735,0.00011559023262534317
2024-05-07 00:16:10.066724,1.3366651336380746,5.779511631267158e-05
2024-05-07 00:16:10.066724,1.339523081611318,0.00014448779078167894
2024-05-07 00:16:10.066724,1.3423819527626037,0.00034677069787602947
2024-05-07 00:16:10.066724,1.3452417470919318,0.00023118046525068633
2024-05-07 00:16:10.066724,1.348102464599302,5.779511631267158e-05
2024-05-07 00:16:10.066724,1.3509641052847146,0.00011559023262534317
2024-05-07 00:16:10.066724,1.3538266691481695,0.00023118046525068633
2024-05-07 00:16:10.066724,1.3566901561896665,0.00011559023262534317
2024-05-07 00:16:10.066724,1.359554566409206,0.00011559023262534317
2024-05-07 00:16:10.066724,1.3624198998067878,0.00017338534893801473
2024-05-07 00:16:10.066724,1.3652861563824117,0.00011559023262534317
2024-05-07 00:16:10.066724,1.368153336136078,0.00017338534893801473
2024-05-07 00:16:10.066724,1.3710214390677866,0.00014448779078167894
2024-05-07 00:16:10.066724,1.3738904651775374,0.0002600780234070221
2024-05-07 00:16:10.066724,1.3767604144653305,0.00011559023262534317
2024-05-07 00:16:10.066724,1.379631286931166,0.00020228290709435053
2024-05-07 00:16:10.066724,1.3825030825750437,0.00014448779078167894
2024-05-07 00:16:10.066724,1.3853758013969637,0.0002600780234070221
2024-05-07 00:16:10.066724,1.388249443396926,0.00028897558156335787
2024-05-07 00:16:10.066724,1.3911240085749306,0.00017338534893801473
2024-05-07 00:16:10.066724,1.3939994969309772,0.00017338534893801473
2024-05-07 00:16:10.066724,1.3968759084650664,8.669267446900737e-05
2024-05-07 00:16:10.066724,1.399753243177198,0.00011559023262534317
2024-05-07 00:16:10.066724,1.4026315010673716,5.779511631267158e-05
2024-05-07 00:16:10.066724,1.4055106821355876,0.0002600780234070221
2024-05-07 00:16:10.066724,1.408390786381846,0.00017338534893801473
2024-05-07 00:16:10.066724,1.4112718138061464,0.00011559023262534317
2024-05-07 00:16:10.066724,1.4141537644084892,8.669267446900737e-05
2024-05-07 00:16:10.066724,1.4170366381888744,0.0
2024-05-07 00:16:10.066724,1.4199204351473018,0.00023118046525068633
2024-05-07 00:16:10.066724,1.4228051552837715,5.779511631267158e-05
2024-05-07 00:16:10.066724,1.4256907985982834,0.00023118046525068633
2024-05-07 00:16:10.066724,1.4285773650908378,8.669267446900737e-05
2024-05-07 00:16:10.066724,1.4314648547614341,0.00011559023262534317
2024-05-07 00:16:10.066724,1.434353267610073,5.779511631267158e-05
2024-05-07 00:16:10.066724,1.4372426036367543,0.00023118046525068633
2024-05-07 00:16:10.066724,1.4401328628414776,5.779511631267158e-05
2024-05-07 00:16:10.066724,1.4430240452242433,5.779511631267158e-05
2024-05-07 00:16:10.066724,1.4459161507850513,0.00011559023262534317
2024-05-07 00:16:10.066724,1.4488091795239015,0.00011559023262534317
2024-05-07 00:16:10.066724,1.451703131440794,8.669267446900737e-05
2024-05-07 00:16:10.066724,1.454598006535729,0.00014448779078167894
2024-05-07 00:16:10.066724,1.457493804808706,8.669267446900737e-05
2024-05-07 00:16:10.066724,1.4603905262597254,2.889755815633579e-05
2024-05-07 00:16:10.066724,1.463288170888787,5.779511631267158e-05
2024-05-07 00:16:10.066724,1.4661867386958911,5.779511631267158e-05
2024-05-07 00:16:10.066724,1.4690862296810374,0.00014448779078167894
2024-05-07 00:16:10.066724,1.471986643844226,5.779511631267158e-05
2024-05-07 00:16:10.066724,1.4748879811854567,0.00017338534893801473
2024-05-07 00:16:10.066724,1.47779024170473,8.669267446900737e-05
2024-05-07 00:16:10.066724,1.4806934254020452,0.00023118046525068633
2024-05-07 00:16:10.066724,1.4835975322774029,0.00011559023262534317
2024-05-07 00:16:10.066724,1.4865025623308028,8.669267446900737e-05
2024-05-07 00:16:10.066724,1.4894085155622452,0.00011559023262534317
2024-05-07 00:16:10.066724,1.4923153919717298,8.669267446900737e-05
2024-05-07 00:16:10.066724,1.4952231915592564,0.0002600780234070221
2024-05-07 00:16:10.066724,1.4981319143248257,0.0
2024-05-07 00:16:10.066724,1.501041560268437,5.779511631267158e-05
2024-05-07 00:16:10.066724,1.5039521293900906,0.00017338534893801473
2024-05-07 00:16:10.066724,1.5068636216897866,5.779511631267158e-05
2024-05-07 00:16:10.066724,1.5097760371675248,5.779511631267158e-05
2024-05-07 00:16:10.066724,1.5126893758233055,0.00011559023262534317
2024-05-07 00:16:10.066724,1.5156036376571282,8.669267446900737e-05
2024-05-07 00:16:10.066724,1.5185188226689934,2.889755815633579e-05
2024-05-07 00:16:10.066724,1.5214349308589008,5.779511631267158e-05
2024-05-07 00:16:10.066724,1.5243519622268504,5.779511631267158e-05
2024-05-07 00:16:10.066724,1.5272699167728425,0.00014448779078167894
2024-05-07 00:16:10.066724,1.5301887944968766,2.889755815633579e-05
2024-05-07 00:16:10.066724,1.5331085953989532,8.669267446900737e-05
2024-05-07 00:16:10.066724,1.536029319479072,0.00011559023262534317
2024-05-07 00:16:10.066724,1.5389509667372332,5.779511631267158e-05
2024-05-07 00:16:10.066724,1.5418735371734364,8.669267446900737e-05
2024-05-07 00:16:10.066724,1.5447970307876822,0.0
2024-05-07 00:16:10.066724,1.54772144757997,0.00014448779078167894
2024-05-07 00:16:10.066724,1.5506467875503003,8.669267446900737e-05
2024-05-07 00:16:10.066724,1.553573050698673,0.00011559023262534317
2024-05-07 00:16:10.066724,1.5565002370250878,5.779511631267158e-05
2024-05-07 00:16:10.066724,1.5594283465295449,2.889755815633579e-05
2024-05-07 00:16:10.066724,1.5623573792120442,8.669267446900737e-05
2024-05-07 00:16:10.066724,1.5652873350725858,5.779511631267158e-05
2024-05-07 00:16:10.066724,1.5682182141111698,2.889755815633579e-05
2024-05-07 00:16:10.066724,1.571150016327796,5.779511631267158e-05
2024-05-07 00:16:10.066724,1.5740827417224645,5.779511631267158e-05
2024-05-07 00:16:10.066724,1.5770163902951753,5.779511631267158e-05
2024-05-07 00:16:10.066724,1.5799509620459284,5.779511631267158e-05
2024-05-07 00:16:10.066724,1.5828864569747239,5.779511631267158e-05
2024-05-07 00:16:10.066724,1.5858228750815615,5.779511631267158e-05
2024-05-07 00:16:10.066724,1.5887602163664414,5.779511631267158e-05
2024-05-07 00:16:10.066724,1.5916984808293637,0.00011559023262534317
2024-05-07 00:16:10.066724,1.5946376684703283,8.669267446900737e-05
2024-05-07 00:16:10.066724,1.597577779289335,8.669267446900737e-05
2024-05-07 00:16:10.066724,1.6005188132863841,2.889755815633579e-05
2024-05-07 00:16:10.066724,1.6034607704614754,2.889755815633579e-05
2024-05-07 00:16:10.066724,1.6064036508146091,5.779511631267158e-05
2024-05-07 00:16:10.066724,1.609347454345785,8.669267446900737e-05
2024-05-07 00:16:10.066724,1.6122921810550033,8.669267446900737e-05
2024-05-07 00:16:10.066724,1.615237830942264,5.779511631267158e-05
2024-05-07 00:16:10.066724,1.6181844040075666,5.779511631267158e-05
2024-05-07 00:16:10.066724,1.6211319002509117,0.0
2024-05-07 00:16:10.066724,1.624080319672299,2.889755815633579e-05
2024-05-07 00:16:10.066724,1.6270296622717288,8.669267446900737e-05
2024-05-07 00:16:10.066724,1.6299799280492007,8.669267446900737e-05
2024-05-07 00:16:10.066724,1.632931117004715,2.889755815633579e-05
2024-05-07 00:16:10.066724,1.6358832291382714,8.669267446900737e-05
2024-05-07 00:16:10.066724,1.6388362644498702,2.889755815633579e-05
2024-05-07 00:16:10.066724,1.6417902229395114,0.00014448779078167894
2024-05-07 00:16:10.066724,1.6447451046071946,5.779511631267158e-05
2024-05-07 00:16:10.066724,1.6477009094529202,2.889755815633579e-05
2024-05-07 00:16:10.066724,1.6506576374766881,8.669267446900737e-05
2024-05-07 00:16:10.066724,1.6536152886784985,8.669267446900737e-05
2024-05-07 00:16:10.066724,1.656573863058351,5.779511631267158e-05
2024-05-07 00:16:10.066724,1.6595333606162457,0.0
2024-05-07 00:16:10.066724,1.662493781352183,5.779511631267158e-05
2024-05-07 00:16:10.066724,1.6654551252661622,5.779511631267158e-05
2024-05-07 00:16:10.066724,1.6684173923581838,8.669267446900737e-05
2024-05-07 00:16:10.066724,1.6713805826282477,2.889755815633579e-05
2024-05-07 00:16:10.066724,1.674344696076354,5.779511631267158e-05
2024-05-07 00:16:10.066724,1.6773097327025026,5.779511631267158e-05
2024-05-07 00:16:10.066724,1.6802756925066933,0.0
2024-05-07 00:16:10.066724,1.6832425754889264,8.669267446900737e-05
2024-05-07 00:16:10.066724,1.6862103816492018,2.889755815633579e-05
2024-05-07 00:16:10.066724,1.6891791109875194,0.00011559023262534317
2024-05-07 00:16:10.066724,1.6921487635038792,8.669267446900737e-05
2024-05-07 00:16:10.066724,1.6951193391982815,5.779511631267158e-05
2024-05-07 00:16:10.066724,1.698090838070726,0.0
2024-05-07 00:16:10.066724,1.7010632601212128,0.00017338534893801473
2024-05-07 00:16:10.066724,1.7040366053497418,2.889755815633579e-05
2024-05-07 00:16:10.066724,1.7070108737563132,2.889755815633579e-05
2024-05-07 00:16:10.066724,1.709986065340927,5.779511631267158e-05
2024-05-07 00:16:10.066724,1.7129621801035828,2.889755815633579e-05
2024-05-07 00:16:10.066724,1.715939218044281,5.779511631267158e-05
2024-05-07 00:16:10.066724,1.7189171791630216,8.669267446900737e-05
2024-05-07 00:16:10.066724,1.7218960634598042,2.889755815633579e-05
2024-05-07 00:16:10.066724,1.7248758709346292,0.00011559023262534317
2024-05-07 00:16:10.066724,1.7278566015874968,0.00014448779078167894
2024-05-07 00:16:10.066724,1.7308382554184063,0.00014448779078167894
2024-05-07 00:16:10.066724,1.7338208324273583,8.669267446900737e-05
2024-05-07 00:16:10.066724,1.7368043326143525,2.889755815633579e-05
2024-05-07 00:16:10.066724,1.739788755979389,2.889755815633579e-05
2024-05-07 00:16:10.066724,1.7427741025224677,8.669267446900737e-05
2024-05-07 00:16:10.066724,1.7457603722435888,0.0
2024-05-07 00:16:10.066724,1.7487475651427522,2.889755815633579e-05
2024-05-07 00:16:10.066724,1.7517356812199578,2.889755815633579e-05
2024-05-07 00:16:10.066724,1.7547247204752057,2.889755815633579e-05
2024-05-07 00:16:10.066724,1.757714682908496,0.0
2024-05-07 00:16:10.066724,1.7607055685198283,5.779511631267158e-05
2024-05-07 00:16:10.066724,1.763697377309203,2.889755815633579e-05
2024-05-07 00:16:10.066724,1.7666901092766203,2.889755815633579e-05
2024-05-07 00:16:10.066724,1.7696837644220795,2.889755815633579e-05
2024-05-07 00:16:10.066724,1.7726783427455812,5.779511631267158e-05
2024-05-07 00:16:10.066724,1.7756738442471252,0.0
2024-05-07 00:16:10.066724,1.7786702689267113,0.00011559023262534317
2024-05-07 00:16:10.066724,1.7816676167843397,5.779511631267158e-05
2024-05-07 00:16:10.066724,1.7846658878200106,0.0
2024-05-07 00:16:10.066724,1.7876650820337237,0.0
2024-05-07 00:16:10.066724,1.790665199425479,0.00011559023262534317
2024-05-07 00:16:10.066724,1.7936662399952765,0.0
2024-05-07 00:16:10.066724,1.7966682037431165,0.0
2024-05-07 00:16:10.066724,1.7996710906689986,2.889755815633579e-05
2024-05-07 00:16:10.066724,1.802674900772923,0.00011559023262534317
2024-05-07 00:16:10.066724,1.80567963405489,2.889755815633579e-05
2024-05-07 00:16:10.066724,1.808685290514899,2.889755815633579e-05
2024-05-07 00:16:10.066724,1.8116918701529503,8.669267446900737e-05
2024-05-07 00:16:10.066724,1.814699372969044,2.889755815633579e-05
2024-05-07 00:16:10.066724,1.8177077989631798,2.889755815633579e-05
2024-05-07 00:16:10.066724,1.820717148135358,5.779511631267158e-05
2024-05-07 00:16:10.066724,1.8237274204855785,2.889755815633579e-05
2024-05-07 00:16:10.066724,1.8267386160138412,0.00014448779078167894
2024-05-07 00:16:10.066724,1.8297507347201463,5.779511631267158e-05
2024-05-07 00:16:10.066724,1.8327637766044935,0.0
2024-05-07 00:16:10.066724,1.8357777416668832,8.669267446900737e-05
2024-05-07 00:16:10.066724,1.8387926299073152,8.669267446900737e-05
2024-05-07 00:16:10.066724,1.8418084413257894,2.889755815633579e-05
2024-05-07 00:16:10.066724,1.8448251759223058,5.779511631267158e-05
2024-05-07 00:16:10.066724,1.8478428336968646,8.669267446900737e-05
2024-05-07 00:16:10.066724,1.8508614146494655,2.889755815633579e-05
2024-05-07 00:16:10.066724,1.8538809187801089,2.889755815633579e-05
2024-05-07 00:16:10.066724,1.8569013460887944,5.779511631267158e-05
2024-05-07 00:16:10.066724,1.8599226965755224,2.889755815633579e-05
2024-05-07 00:16:10.066724,1.8629449702402927,8.669267446900737e-05
2024-05-07 00:16:10.066724,1.865968167083105,2.889755815633579e-05
2024-05-07 00:16:10.066724,1.86899228710396,5.779511631267158e-05
2024-05-07 00:16:10.066724,1.8720173303028569,8.669267446900737e-05
2024-05-07 00:16:10.066724,1.875043296679796,0.0
2024-05-07 00:16:10.066724,1.8780701862347777,2.889755815633579e-05
2024-05-07 00:16:10.066724,1.8810979989678016,2.889755815633579e-05
2024-05-07 00:16:10.066724,1.884126734878868,0.00014448779078167894
2024-05-07 00:16:10.066724,1.8871563939679763,5.779511631267158e-05
2024-05-07 00:16:10.066724,1.890186976235127,0.0
2024-05-07 00:16:10.066724,1.8932184816803201,2.889755815633579e-05
2024-05-07 00:16:10.066724,1.8962509103035554,0.00011559023262534317
2024-05-07 00:16:10.066724,1.8992842621048331,0.0
2024-05-07 00:16:10.066724,1.9023185370841529,2.889755815633579e-05
2024-05-07 00:16:10.066724,1.905353735241515,0.00011559023262534317
2024-05-07 00:16:10.066724,1.9083898565769195,5.779511631267158e-05
2024-05-07 00:16:10.066724,1.9114269010903664,5.779511631267158e-05
2024-05-07 00:16:10.066724,1.9144648687818553,5.779511631267158e-05
2024-05-07 00:16:10.066724,1.9175037596513866,2.889755815633579e-05
2024-05-07 00:16:10.066724,1.9205435736989602,0.0
2024-05-07 00:16:10.066724,1.923584310924576,5.779511631267158e-05
2024-05-07 00:16:10.066724,1.9266259713282343,5.779511631267158e-05
2024-05-07 00:16:10.066724,1.9296685549099348,5.779511631267158e-05
2024-05-07 00:16:10.066724,1.9327120616696776,0.0
2024-05-07 00:16:10.066724,1.9357564916074625,5.779511631267158e-05
2024-05-07 00:16:10.066724,1.9388018447232898,0.00011559023262534317
2024-05-07 00:16:10.066724,1.9418481210171594,2.889755815633579e-05
2024-05-07 00:16:10.066724,1.9448953204890713,5.779511631267158e-05
2024-05-07 00:16:10.066724,1.9479434431390255,5.779511631267158e-05
2024-05-07 00:16:10.066724,1.9509924889670218,2.889755815633579e-05
2024-05-07 00:16:10.066724,1.9540424579730606,2.889755815633579e-05
2024-05-07 00:16:10.066724,1.9570933501571417,2.889755815633579e-05
2024-05-07 00:16:10.066724,1.960145165519265,2.889755815633579e-05
2024-05-07 00:16:10.066724,1.9631979040594305,2.889755815633579e-05
2024-05-07 00:16:10.066724,1.9662515657776385,2.889755815633579e-05
2024-05-07 00:16:10.066724,1.9693061506738887,2.889755815633579e-05
2024-05-07 00:16:10.066724,1.9723616587481811,0.0
2024-05-07 00:16:10.066724,1.9754180900005158,0.00011559023262534317
2024-05-07 00:16:10.066724,1.9784754444308927,5.779511631267158e-05
2024-05-07 00:16:10.066724,1.981533722039312,0.0
2024-05-07 00:16:10.066724,1.9845929228257737,5.779511631267158e-05
2024-05-07 00:16:10.066724,1.9876530467902775,8.669267446900737e-05
2024-05-07 00:16:10.066724,1.9907140939328238,2.889755815633579e-05
2024-05-07 00:16:10.066724,1.9937760642534121,5.779511631267158e-05
2024-05-07 00:16:10.066724,1.996838957752043,0.00011559023262534317
2024-05-07 00:16:10.066724,1.999902774428716,2.889755815633579e-05
2024-05-07 00:16:10.066724,2.0029675142834313,0.0
2024-05-07 00:16:10.066724,2.006033177316189,2.889755815633579e-05
2024-05-07 00:16:10.066724,2.0090997635269887,2.889755815633579e-05
2024-05-07 00:16:10.066724,2.0121672729158306,2.889755815633579e-05
2024-05-07 00:16:10.066724,2.0152357054827155,8.669267446900737e-05
2024-05-07 00:16:10.066724,2.018305061227642,8.669267446900737e-05
2024-05-07 00:16:10.066724,2.021375340150611,0.00011559023262534317
2024-05-07 00:16:10.066724,2.0244465422516225,2.889755815633579e-05
2024-05-07 00:16:10.066724,2.0275186675306758,5.779511631267158e-05
2024-05-07 00:16:10.066724,2.0305917159877716,0.0
2024-05-07 00:16:10.066724,2.03366568762291,2.889755815633579e-05
2024-05-07 00:16:10.066724,2.0367405824360905,8.669267446900737e-05
2024-05-07 00:16:10.066724,2.039816400427313,8.669267446900737e-05
2024-05-07 00:16:10.066724,2.042893141596578,0.0
2024-05-07 00:16:10.066724,2.0459708059438855,0.0
2024-05-07 00:16:10.066724,2.049049393469235,8.669267446900737e-05
2024-05-07 00:16:10.066724,2.0521289041726267,0.00011559023262534317
2024-05-07 00:16:10.066724,2.055209338054061,2.889755815633579e-05
2024-05-07 00:16:10.066724,2.0582906951135373,2.889755815633579e-05
2024-05-07 00:16:10.066724,2.061372975351056,0.0
2024-05-07 00:16:10.066724,2.064456178766617,2.889755815633579e-05
2024-05-07 00:16:10.066724,2.0675403053602204,0.0
2024-05-07 00:16:10.066724,2.070625355131866,0.0
2024-05-07 00:16:10.066724,2.073711328081554,2.889755815633579e-05
2024-05-07 00:16:10.066724,2.0767982242092837,0.00014448779078167894
2024-05-07 00:16:10.066724,2.0798860435150566,5.779511631267158e-05
2024-05-07 00:16:10.066724,2.082974785998871,0.0
2024-05-07 00:16:10.066724,2.0860644516607283,2.889755815633579e-05
2024-05-07 00:16:10.066724,2.089155040500627,8.669267446900737e-05
2024-05-07 00:16:10.066724,2.092246552518569,0.0
2024-05-07 00:16:10.066724,2.0953389877145527,0.0
2024-05-07 00:16:10.066724,2.098432346088579,2.889755815633579e-05
2024-05-07 00:16:10.066724,2.1015266276406472,0.0
2024-05-07 00:16:10.066724,2.104621832370758,0.0
2024-05-07 00:16:10.066724,2.107717960278911,5.779511631267158e-05
2024-05-07 00:16:10.066724,2.1108150113651063,0.0
2024-05-07 00:16:10.066724,2.113912985629344,0.0
2024-05-07 00:16:10.066724,2.1170118830716236,0.0
2024-05-07 00:16:10.066724,2.1201117036919457,2.889755815633579e-05
2024-05-07 00:16:10.066724,2.1232124474903102,2.889755815633579e-05
2024-05-07 00:16:10.066724,2.126314114466717,2.889755815633579e-05
2024-05-07 00:16:10.066724,2.129416704621166,0.0
2024-05-07 00:16:10.066724,2.1325202179536573,0.0
2024-05-07 00:16:10.066724,2.135624654464191,0.0
2024-05-07 00:16:10.066724,2.1387300141527668,0.0
2024-05-07 00:16:10.066724,2.1418362970193847,0.0
2024-05-07 00:16:10.066724,2.144943503064045,2.889755815633579e-05
2024-05-07 00:16:10.066724,2.148051632286748,0.0
2024-05-07 00:16:10.066724,2.151160684687493,2.889755815633579e-05
2024-05-07 00:16:10.066724,2.1542706602662802,2.889755815633579e-05
2024-05-07 00:16:10.066724,2.1573815590231096,2.889755815633579e-05
2024-05-07 00:16:10.066724,2.1604933809579814,2.889755815633579e-05
2024-05-07 00:16:10.066724,2.1636061260708956,0.0
2024-05-07 00:16:10.066724,2.166719794361852,0.0
2024-05-07 00:16:10.066724,2.1698343858308506,0.0
2024-05-07 00:16:10.066724,2.172949900477892,2.889755815633579e-05
2024-05-07 00:16:10.066724,2.176066338302975,5.779511631267158e-05
2024-05-07 00:16:10.066724,2.1791836993061007,5.779511631267158e-05
2024-05-07 00:16:10.066724,2.1823019834872683,2.889755815633579e-05
2024-05-07 00:16:10.066724,2.1854211908464785,0.0
2024-05-07 00:16:10.066724,2.188541321383731,0.0
2024-05-07 00:16:10.066724,2.1916623750990256,2.889755815633579e-05
2024-05-07 00:16:10.066724,2.1947843519923627,2.889755815633579e-05
2024-05-07 00:16:10.066724,2.1979072520637417,8.669267446900737e-05
2024-05-07 00:16:10.066724,2.2010310753131637,0.00014448779078167894
2024-05-07 00:16:10.066724,2.204155821740627,0.0
2024-05-07 00:16:10.066724,2.2072814913461336,0.0
2024-05-07 00:16:10.066724,2.2104080841296816,0.0
2024-05-07 00:16:10.066724,2.2135356000912725,2.889755815633579e-05
2024-05-07 00:16:10.066724,2.2166640392309054,0.0
2024-05-07 00:16:10.066724,2.2197934015485807,0.00011559023262534317
2024-05-07 00:16:10.066724,2.222923687044298,5.779511631267158e-05
2024-05-07 00:16:10.066724,2.226054895718058,0.0
2024-05-07 00:16:10.066724,2.22918702756986,5.779511631267158e-05
2024-05-07 00:16:10.066724,2.2323200825997045,2.889755815633579e-05
2024-05-07 00:16:10.066724,2.2354540608075912,2.889755815633579e-05
2024-05-07 00:16:10.066724,2.2385889621935204,0.0
2024-05-07 00:16:10.066724,2.2417247867574916,5.779511631267158e-05
2024-05-07 00:16:10.066724,2.244861534499505,5.779511631267158e-05
2024-05-07 00:16:10.066724,2.247999205419561,0.0
2024-05-07 00:16:10.066724,2.251137799517659,5.779511631267158e-05
2024-05-07 00:16:10.066724,2.2542773167937993,8.669267446900737e-05
2024-05-07 00:16:10.066724,2.257417757247982,2.889755815633579e-05
2024-05-07 00:16:10.066724,2.260559120880207,2.889755815633579e-05
2024-05-07 00:16:10.066724,2.2637014076904745,5.779511631267158e-05
2024-05-07 00:16:10.066724,2.266844617678784,2.889755815633579e-05
2024-05-07 00:16:10.066724,2.2699887508451355,2.889755815633579e-05
2024-05-07 00:16:10.066724,2.27313380718953,0.0
2024-05-07 00:16:10.066724,2.276279786711966,0.0
2024-05-07 00:16:10.066724,2.279426689412445,0.0
2024-05-07 00:16:10.066724,2.2825745152909658,2.889755815633579e-05
2024-05-07 00:16:10.066724,2.285723264347529,2.889755815633579e-05
2024-05-07 00:16:10.066724,2.2888729365821345,0.0
2024-05-07 00:16:10.066724,2.2920235319947824,0.0
2024-05-07 00:16:10.066724,2.2951750505854727,5.779511631267158e-05
2024-05-07 00:16:10.066724,2.298327492354205,0.00011559023262534317
2024-05-07 00:16:10.066724,2.3014808573009797,2.889755815633579e-05
2024-05-07 00:16:10.066724,2.3046351454257965,5.779511631267158e-05
2024-05-07 00:16:10.066724,2.3077903567286557,0.0
2024-05-07 00:16:10.066724,2.3109464912095574,0.0
2024-05-07 00:16:10.066724,2.314103548868501,2.889755815633579e-05
2024-05-07 00:16:10.066724,2.3172615297054873,2.889755815633579e-05
2024-05-07 00:16:10.066724,2.3204204337205154,2.889755815633579e-05
2024-05-07 00:16:10.066724,2.323580260913586,5.779511631267158e-05
2024-05-07 00:16:10.066724,2.326741011284699,0.0
2024-05-07 00:16:10.066724,2.3299026848338547,8.669267446900737e-05
2024-05-07 00:16:10.066724,2.3330652815610518,2.889755815633579e-05
2024-05-07 00:16:10.066724,2.3362288014662917,5.779511631267158e-05
2024-05-07 00:16:10.066724,2.3393932445495738,0.0
2024-05-07 00:16:10.066724,2.3425586108108982,0.0
2024-05-07 00:16:10.066724,2.3457249002502647,0.0
2024-05-07 00:16:10.066724,2.348892112867674,5.779511631267158e-05
2024-05-07 00:16:10.066724,2.352060248663125,2.889755815633579e-05
2024-05-07 00:16:10.066724,2.3552293076366184,0.0
2024-05-07 00:16:10.066724,2.3583992897881543,0.0
2024-05-07 00:16:10.066724,2.3615701951177326,5.779511631267158e-05
2024-05-07 00:16:10.066724,2.364742023625353,0.0
2024-05-07 00:16:10.066724,2.3679147753110157,0.0
2024-05-07 00:16:10.066724,2.3710884501747205,0.0
2024-05-07 00:16:10.066724,2.3742630482164677,0.0
2024-05-07 00:16:10.066724,2.3774385694362574,0.0
2024-05-07 00:16:10.066724,2.380615013834089,0.0
2024-05-07 00:16:10.066724,2.3837923814099633,2.889755815633579e-05
2024-05-07 00:16:10.066724,2.3869706721638795,0.0
2024-05-07 00:16:10.066724,2.390149886095838,0.0
2024-05-07 00:16:10.066724,2.393330023205839,5.779511631267158e-05
2024-05-07 00:16:10.066724,2.3965110834938823,2.889755815633579e-05
2024-05-07 00:16:10.066724,2.399693066959968,0.0
2024-05-07 00:16:10.066724,2.4028759736040954,0.0
2024-05-07 00:16:10.066724,2.406059803426266,0.0
2024-05-07 00:16:10.066724,2.409244556426478,2.889755815633579e-05
2024-05-07 00:16:10.066724,2.412430232604733,5.779511631267158e-05
2024-05-07 00:16:10.066724,2.41561683196103,2.889755815633579e-05
2024-05-07 00:16:10.066724,2.418804354495369,5.779511631267158e-05
2024-05-07 00:16:10.066724,2.42199280020775,0.0
2024-05-07 00:16:10.066724,2.425182169098174,0.0
2024-05-07 00:16:10.066724,2.4283724611666404,0.0
2024-05-07 00:16:10.066724,2.4315636764131487,5.779511631267158e-05
2024-05-07 00:16:10.066724,2.434755814837699,2.889755815633579e-05
2024-05-07 00:16:10.066724,2.4379488764402923,0.0
2024-05-07 00:16:10.066724,2.4411428612209276,8.669267446900737e-05
2024-05-07 00:16:10.066724,2.444337769179605,8.669267446900737e-05
2024-05-07 00:16:10.066724,2.4475336003163246,5.779511631267158e-05
2024-05-07 00:16:10.066724,2.450730354631087,0.0
2024-05-07 00:16:10.066724,2.453928032123891,2.889755815633579e-05
2024-05-07 00:16:10.066724,2.4571266327947376,8.669267446900737e-05
2024-05-07 00:16:10.066724,2.4603261566436267,0.0
2024-05-07 00:16:10.066724,2.463526603670558,2.889755815633579e-05
2024-05-07 00:16:10.066724,2.4667279738755314,0.0
2024-05-07 00:16:10.066724,2.469930267258547,5.779511631267158e-05
2024-05-07 00:16:10.066724,2.4731334838196055,2.889755815633579e-05
2024-05-07 00:16:10.066724,2.4763376235587056,2.889755815633579e-05
2024-05-07 00:16:10.066724,2.4795426864758485,5.779511631267158e-05
2024-05-07 00:16:10.066724,2.482748672571033,2.889755815633579e-05
2024-05-07 00:16:10.066724,2.4859555818442605,0.0
2024-05-07 00:16:10.066724,2.48916341429553,2.889755815633579e-05
2024-05-07 00:16:10.066724,2.492372169924842,5.779511631267158e-05
2024-05-07 00:16:10.066724,2.4955818487321957,5.779511631267158e-05
2024-05-07 00:16:10.066724,2.498792450717592,2.889755815633579e-05
2024-05-07 00:16:10.066724,2.502003975881031,2.889755815633579e-05
2024-05-07 00:16:10.066724,2.5052164242225117,0.0
2024-05-07 00:16:10.066724,2.508429795742035,2.889755815633579e-05
2024-05-07 00:16:10.066724,2.5116440904396002,2.889755815633579e-05
2024-05-07 00:16:10.066724,2.514859308315208,5.779511631267158e-05
2024-05-07 00:16:10.066724,2.518075449368858,0.0
2024-05-07 00:16:10.066724,2.5212925136005504,0.0
2024-05-07 00:16:10.066724,2.524510501010285,2.889755815633579e-05
2024-05-07 00:16:10.066724,2.527729411598062,2.889755815633579e-05
2024-05-07 00:16:10.066724,2.5309492453638813,2.889755815633579e-05
2024-05-07 00:16:10.066724,2.534170002307743,8.669267446900737e-05
2024-05-07 00:16:10.066724,2.5373916824296465,2.889755815633579e-05
2024-05-07 00:16:10.066724,2.5406142857295926,2.889755815633579e-05
2024-05-07 00:16:10.066724,2.543837812207581,0.0
2024-05-07 00:16:10.066724,2.5470622618636116,0.00011559023262534317
2024-05-07 00:16:10.066724,2.5502876346976846,0.0
2024-05-07 00:16:10.066724,2.5535139307097996,0.0
2024-05-07 00:16:10.066724,2.556741149899957,0.0
2024-05-07 00:16:10.066724,2.559969292268157,2.889755815633579e-05
2024-05-07 00:16:10.066724,2.563198357814399,2.889755815633579e-05
2024-05-07 00:16:10.066724,2.5664283465386832,2.889755815633579e-05
2024-05-07 00:16:10.066724,2.56965925844101,2.889755815633579e-05
2024-05-07 00:16:10.066724,2.572891093521379,0.0
2024-05-07 00:16:10.066724,2.57612385177979,2.889755815633579e-05
2024-05-07 00:16:10.066724,2.5793575332162435,8.669267446900737e-05
2024-05-07 00:16:10.066724,2.5825921378307393,5.779511631267158e-05
2024-05-07 00:16:10.066724,2.5858276656232775,2.889755815633579e-05
2024-05-07 00:16:10.066724,2.5890641165938577,0.0
2024-05-07 00:16:10.066724,2.5923014907424804,2.889755815633579e-05
2024-05-07 00:16:10.066724,2.595539788069145,2.889755815633579e-05
2024-05-07 00:16:10.066724,2.5987790085738527,0.0
2024-05-07 00:16:10.066724,2.602019152256602,2.889755815633579e-05
2024-05-07 00:16:10.066724,2.605260219117394,0.0
2024-05-07 00:16:10.066724,2.6085022091562275,2.889755815633579e-05
2024-05-07 00:16:10.066724,2.611745122373104,2.889755815633579e-05
2024-05-07 00:16:10.066724,2.6149889587680226,0.00011559023262534317
2024-05-07 00:16:10.066724,2.6182337183409836,0.0
2024-05-07 00:16:10.066724,2.6214794010919866,8.669267446900737e-05
2024-05-07 00:16:10.066724,2.624726007021032,0.0
2024-05-07 00:16:10.066724,2.62797353612812,0.0
2024-05-07 00:16:10.066724,2.63122198841325,5.779511631267158e-05
2024-05-07 00:16:10.066724,2.6344713638764223,5.779511631267158e-05
2024-05-07 00:16:10.066724,2.637721662517637,2.889755815633579e-05
2024-05-07 00:16:10.066724,2.640972884336894,0.0
2024-05-07 00:16:10.066724,2.644225029334193,0.0
2024-05-07 00:16:10.066724,2.6474780975095347,0.0
2024-05-07 00:16:10.066724,2.6507320888629184,0.0
2024-05-07 00:16:10.066724,2.6539870033943442,5.779511631267158e-05
2024-05-07 00:16:10.066724,2.6572428411038125,2.889755815633579e-05
2024-05-07 00:16:10.066724,2.660499601991323,0.0
2024-05-07 00:16:10.066724,2.6637572860568763,0.0
2024-05-07 00:16:10.066724,2.6670158933004715,5.779511631267158e-05
2024-05-07 00:16:10.066724,2.6702754237221087,2.889755815633579e-05
2024-05-07 00:16:10.066724,2.6735358773217888,2.889755815633579e-05
2024-05-07 00:16:10.066724,2.6767972540995104,2.889755815633579e-05
2024-05-07 00:16:10.066724,2.680059554055275,0.0
2024-05-07 00:16:10.066724,2.6833227771890815,8.669267446900737e-05
2024-05-07 00:16:10.066724,2.6865869235009305,8.669267446900737e-05
2024-05-07 00:16:10.066724,2.6898519929908216,0.0
2024-05-07 00:16:10.066724,2.693117985658755,2.889755815633579e-05
2024-05-07 00:16:10.066724,2.696384901504731,2.889755815633579e-05
2024-05-07 00:16:10.066724,2.699652740528749,8.669267446900737e-05
2024-05-07 00:16:10.066724,2.7029215027308093,5.779511631267158e-05
2024-05-07 00:16:10.066724,2.7061911881109117,2.889755815633579e-05
2024-05-07 00:16:10.066724,2.7094617966690566,0.0
2024-05-07 00:16:10.066724,2.712733328405244,2.889755815633579e-05
2024-05-07 00:16:10.066724,2.7160057833194733,2.889755815633579e-05
2024-05-07 00:16:10.066724,2.719279161411745,0.0
2024-05-07 00:16:10.066724,2.722553462682059,5.779511631267158e-05
2024-05-07 00:16:10.066724,2.725828687130415,2.889755815633579e-05
2024-05-07 00:16:10.066724,2.729104834756814,0.0
2024-05-07 00:16:10.066724,2.732381905561255,5.779511631267158e-05
2024-05-07 00:16:10.066724,2.735659899543738,5.779511631267158e-05
2024-05-07 00:16:10.066724,2.7389388167042634,2.889755815633579e-05
2024-05-07 00:16:10.066724,2.742218657042831,2.889755815633579e-05
2024-05-07 00:16:10.066724,2.745499420559441,0.0
2024-05-07 00:16:10.066724,2.7487811072540933,8.669267446900737e-05
2024-05-07 00:16:10.066724,2.7520637171267883,8.669267446900737e-05
2024-05-07 00:16:10.066724,2.755347250177525,0.0
2024-05-07 00:16:10.066724,2.758631706406304,0.0
2024-05-07 00:16:10.066724,2.7619170858131254,2.889755815633579e-05
2024-05-07 00:16:10.066724,2.7652033883979894,5.779511631267158e-05
2024-05-07 00:16:10.066724,2.7684906141608954,2.889755815633579e-05
2024-05-07 00:16:10.066724,2.771778763101844,2.889755815633579e-05
2024-05-07 00:16:10.066724,2.7750678352208342,5.779511631267158e-05
2024-05-07 00:16:10.066724,2.778357830517867,8.669267446900737e-05
2024-05-07 00:16:10.066724,2.7816487489929425,5.779511631267158e-05
2024-05-07 00:16:10.066724,2.78494059064606,2.889755815633579e-05
2024-05-07 00:16:10.066724,2.7882333554772196,2.889755815633579e-05
2024-05-07 00:16:10.066724,2.7915270434864214,5.779511631267158e-05
2024-05-07 00:16:10.066724,2.7948216546736657,5.779511631267158e-05
2024-05-07 00:16:10.066724,2.7981171890389525,0.0
2024-05-07 00:16:10.066724,2.801413646582281,0.0
2024-05-07 00:16:10.066724,2.8047110273036524,0.0
2024-05-07 00:16:10.066724,2.8080093312030656,5.779511631267158e-05
2024-05-07 00:16:10.066724,2.8113085582805217,2.889755815633579e-05
2024-05-07 00:16:10.066724,2.8146087085360194,2.889755815633579e-05
2024-05-07 00:16:10.066724,2.81790978196956,2.889755815633579e-05
2024-05-07 00:16:10.066724,2.8212117785811426,5.779511631267158e-05
2024-05-07 00:16:10.066724,2.824514698370767,0.0
2024-05-07 00:16:10.066724,2.8278185413384342,5.779511631267158e-05
2024-05-07 00:16:10.066724,2.8311233074841438,5.779511631267158e-05
2024-05-07 00:16:10.066724,2.8344289968078957,0.0
2024-05-07 00:16:10.066724,2.8377356093096897,2.889755815633579e-05
2024-05-07 00:16:10.066724,2.8410431449895257,0.0
2024-05-07 00:16:10.066724,2.8443516038474046,2.889755815633579e-05
2024-05-07 00:16:10.066724,2.8476609858833255,0.0
2024-05-07 00:16:10.066724,2.8509712910972884,0.00011559023262534317
2024-05-07 00:16:10.066724,2.854282519489294,2.889755815633579e-05
2024-05-07 00:16:10.066724,2.8575946710593416,2.889755815633579e-05
2024-05-07 00:16:10.066724,2.8609077458074315,8.669267446900737e-05
2024-05-07 00:16:10.066724,2.8642217437335638,8.669267446900737e-05
2024-05-07 00:16:10.066724,2.8675366648377385,0.00011559023262534317
2024-05-07 00:16:10.066724,2.8708525091199553,0.00011559023262534317
2024-05-07 00:16:10.066724,2.8741692765802145,2.889755815633579e-05
2024-05-07 00:16:10.066724,2.8774869672185157,5.779511631267158e-05
2024-05-07 00:16:10.066724,2.88080558103486,0.00011559023262534317
2024-05-07 00:16:10.066724,2.8841251180292455,8.669267446900737e-05
2024-05-07 00:16:10.066724,2.887445578201674,5.779511631267158e-05
2024-05-07 00:16:10.066724,2.8907669615521443,2.889755815633579e-05
2024-05-07 00:16:10.066724,2.8940892680806574,0.0
2024-05-07 00:16:10.066724,2.8974124977872124,5.779511631267158e-05
2024-05-07 00:16:10.066724,2.90073665067181,2.889755815633579e-05
2024-05-07 00:16:10.066724,2.9040617267344495,0.00011559023262534317
2024-05-07 00:16:10.066724,2.9073877259751315,2.889755815633579e-05
2024-05-07 00:16:10.066724,2.910714648393856,0.0
2024-05-07 00:16:10.066724,2.9140424939906224,2.889755815633579e-05
2024-05-07 00:16:10.066724,2.9173712627654314,8.669267446900737e-05
2024-05-07 00:16:10.066724,2.9207009547182823,8.669267446900737e-05
2024-05-07 00:16:10.066724,2.9240315698491757,0.011934691518566682
